{"cameraMode":{"drawMode":0,"name":"Shaded","section":"Shading Mode"},"sceneLighting":true,"audioPlay":false,"sceneViewState":{"m_AlwaysRefresh":false,"showFog":true,"showSkybox":true,"showFlares":true,"showImageEffects":true,"showParticleSystems":true,"showVisualEffectGraphs":true,"m_FxEnabled":true},"in2DMode":false,"pivot":{"x":1.4669897556304932,"y":1.4888389110565186,"z":-10.969545364379883},"rotation":{"x":-0.22039096057415009,"y":-0.02867453172802925,"z":0.006484243553131819,"w":-0.9749823212623596},"size":4.497514247894287,"orthographic":false}